"PFF_Cecum_11"	"PFF_Cecum_12"	"PFF_Cecum_13"	"PFF_Cecum_14"	"PFF_Cecum_15"	"PFF_Cecum_16"	"PFF_Cecum_17"	"PFF_Cecum_18"	"PFF_Cecum_19"	"PFF_Cecum_1904"	"PFF_Cecum_1906"	"PFF_Cecum_1907"	"PFF_Cecum_1908"	"PFF_Cecum_1910"	"PFF_Cecum_1913"	"PFF_Cecum_1914"	"PFF_Cecum_1917"	"PFF_Cecum_1920"	"PFF_Cecum_1921"	"PFF_Cecum_1937"	"PFF_Cecum_1938"	"PFF_Cecum_1941"	"PFF_Cecum_1942"	"PFF_Cecum_1943"	"PFF_Cecum_1944"	"PFF_Cecum_1945"	"PFF_Cecum_21"	"PFF_Cecum_25"	"PFF_Cecum_27"	"PFF_Cecum_28"	"PFF_Cecum_30"	"PFF_Cecum_32"	"PFF_Cecum_35"	"PFF_Cecum_36"	"PFF_Cecum_37"
"k__Bacteria;p__;c__;o__;f__;g__"	0	0	0	0	0	0	2	0	0	0	0	0	0	0	0	3	0	0	0	4	0	0	0	0	0	0	0	3	0	0	0	0	0	0	0
"k__Bacteria;p__Actinobacteriota;c__Actinobacteria;o__Bifidobacteriales;f__Bifidobacteriaceae;g__Bifidobacterium"	0	0	0	0	0	0	0	0	0	35	0	0	0	0	21	5	0	0	0	0	235	0	0	22	0	0	0	0	0	0	0	0	0	0	0
"k__Bacteria;p__Actinobacteriota;c__Actinobacteria;o__Corynebacteriales;f__Corynebacteriaceae;g__Corynebacterium"	0	0	0	0	0	0	0	0	0	0	0	0	0	0	0	0	0	0	0	0	0	0	0	0	0	0	0	0	0	0	0	0	0	0	0
"k__Bacteria;p__Actinobacteriota;c__Actinobacteria;o__Corynebacteriales;f__Mycobacteriaceae;g__Mycobacterium"	0	0	0	0	0	0	0	0	0	0	0	0	0	0	0	0	0	0	0	0	0	0	0	0	0	0	0	0	0	0	0	0	0	0	0
"k__Bacteria;p__Actinobacteriota;c__Actinobacteria;o__Micrococcales;f__Microbacteriaceae;g__Curtobacterium"	0	0	0	0	0	0	0	0	0	0	0	0	0	0	0	0	0	0	0	0	0	0	0	0	0	0	0	0	0	0	0	0	0	0	0
"k__Bacteria;p__Actinobacteriota;c__Actinobacteria;o__Pseudonocardiales;f__Pseudonocardiaceae;g__Saccharopolyspora"	0	0	0	0	0	0	0	0	0	0	0	0	0	0	0	0	0	0	0	0	0	0	0	0	0	0	0	0	0	0	0	0	0	0	0
"k__Bacteria;p__Actinobacteriota;c__Coriobacteriia;o__Coriobacteriales;f__Atopobiaceae;g__Coriobacteriaceae UCG-002"	0	0	30	70	0	0	0	42	165	142	0	0	85	0	135	0	0	0	0	0	214	0	0	62	0	25	0	22	0	0	0	166	0	13	0
"k__Bacteria;p__Actinobacteriota;c__Coriobacteriia;o__Coriobacteriales;f__Coriobacteriales Incertae Sedis;g__"	0	0	0	0	0	0	0	0	4	0	5	0	10	0	0	0	5	0	0	0	5	0	0	0	0	0	0	4	0	0	0	5	0	5	0
"k__Bacteria;p__Actinobacteriota;c__Coriobacteriia;o__Coriobacteriales;f__Eggerthellaceae;g__DNF00809"	0	0	0	0	0	0	0	0	0	0	0	0	0	0	0	0	0	0	0	0	0	0	0	0	0	0	0	0	0	0	0	0	0	0	0
"k__Bacteria;p__Actinobacteriota;c__Coriobacteriia;o__Coriobacteriales;f__Eggerthellaceae;g__Enterorhabdus"	22	17	36	54	34	18	25	62	83	58	44	48	20	17	66	73	23	6	26	58	44	11	86	38	35	30	16	13	61	96	62	134	32	142	26
"k__Bacteria;p__Actinobacteriota;c__Coriobacteriia;o__Coriobacteriales;f__Eggerthellaceae;g__Gordonibacter"	0	0	0	0	0	0	0	0	0	0	0	0	0	0	0	0	0	5	0	0	0	0	0	0	0	0	0	0	0	0	0	5	0	0	0
"k__Bacteria;p__Bacteroidota;c__Bacteroidia;o__Bacteroidales;f__;g__"	0	0	0	0	0	0	0	0	0	0	0	0	0	0	0	0	0	0	0	0	0	0	0	0	0	0	0	0	0	0	0	0	0	0	0
"k__Bacteria;p__Bacteroidota;c__Bacteroidia;o__Bacteroidales;f__Bacteroidaceae;g__Bacteroides"	671	219	837	418	406	653	663	2238	404	307	1234	1694	193	167	453	355	318	478	870	278	494	106	349	340	357	631	586	253	460	502	185	254	486	160	605
"k__Bacteria;p__Bacteroidota;c__Bacteroidia;o__Bacteroidales;f__Marinifilaceae;g__Odoribacter"	94	51	42	41	93	116	186	154	94	59	107	32	46	65	54	133	109	80	148	167	107	56	18	22	34	205	52	39	85	78	49	22	124	35	75
"k__Bacteria;p__Bacteroidota;c__Bacteroidia;o__Bacteroidales;f__Muribaculaceae;g__"	13881	6740	12458	13926	11704	8952	15042	13288	14279	8295	15436	13767	11195	4775	11310	12316	12622	6589	11314	5764	11025	5978	10611	9821	12131	13554	9899	15289	12572	6984	6929	7698	9169	7256	15027
"k__Bacteria;p__Bacteroidota;c__Bacteroidia;o__Bacteroidales;f__Muribaculaceae;g__Muribaculum"	1060	233	595	258	547	245	332	303	439	647	405	1110	211	253	320	509	606	310	347	274	744	221	89	187	138	613	595	677	109	144	90	375	393	58	242
"k__Bacteria;p__Bacteroidota;c__Bacteroidia;o__Bacteroidales;f__Prevotellaceae;g__Alloprevotella"	0	0	0	0	0	0	0	0	0	0	0	0	0	0	0	0	0	0	0	0	0	0	0	0	0	0	0	0	0	0	0	0	0	0	0
"k__Bacteria;p__Bacteroidota;c__Bacteroidia;o__Bacteroidales;f__Prevotellaceae;g__Prevotella_9"	0	0	0	0	0	0	0	0	0	0	0	0	0	0	0	0	0	0	0	0	0	0	0	0	0	0	0	0	0	0	0	0	0	0	0
"k__Bacteria;p__Bacteroidota;c__Bacteroidia;o__Bacteroidales;f__Prevotellaceae;g__Prevotellaceae UCG-001"	0	0	0	0	0	0	0	11	0	0	0	0	0	0	0	0	0	0	0	0	0	0	0	0	0	0	0	0	0	0	0	0	0	0	0
"k__Bacteria;p__Bacteroidota;c__Bacteroidia;o__Bacteroidales;f__Rikenellaceae;g__Alistipes"	121	231	91	194	256	195	617	491	292	286	66	130	77	300	156	108	201	321	333	266	104	408	167	94	267	165	311	658	656	184	369	391	381	291	334
"k__Bacteria;p__Bacteroidota;c__Bacteroidia;o__Bacteroidales;f__Rikenellaceae;g__Rikenella"	245	113	63	58	195	158	931	742	146	101	101	76	191	130	173	99	107	274	361	258	35	245	52	92	226	293	115	200	400	323	97	80	221	201	69
"k__Bacteria;p__Bacteroidota;c__Bacteroidia;o__Bacteroidales;f__Rikenellaceae;g__Rikenellaceae RC9 gut group"	775	174	166	245	1027	543	1320	1259	618	180	832	172	79	381	890	711	365	281	1508	1280	265	152	471	616	628	666	57	193	647	643	417	151	511	140	1081
"k__Bacteria;p__Bacteroidota;c__Bacteroidia;o__Bacteroidales;f__Tannerellaceae;g__Parabacteroides"	546	109	220	83	512	365	264	1145	235	24	847	206	48	16	247	290	458	88	626	807	56	51	156	85	234	241	77	95	105	89	78	56	309	12	270
"k__Bacteria;p__Bacteroidota;c__Bacteroidia;o__Chitinophagales;f__Chitinophagaceae;g__Vibrionimonas"	0	0	0	0	0	0	0	0	0	0	0	0	0	0	0	0	0	0	0	0	0	0	0	0	0	0	0	0	0	0	0	0	0	0	0
"k__Bacteria;p__Cyanobacteria;c__Cyanobacteriia;o__Chloroplast;f__;g__"	0	0	0	0	0	0	0	0	0	0	0	0	0	0	0	0	0	0	0	0	0	0	0	0	0	0	0	0	0	0	0	0	0	3	0
"k__Bacteria;p__Cyanobacteria;c__Vampirivibrionia;o__Gastranaerophilales;f__;g__"	168	18	6	10	40	10	52	52	30	18	22	13	0	6	0	43	29	52	28	78	0	0	5	5	11	6	4	0	13	10	75	14	87	0	11
"k__Bacteria;p__Desulfobacterota;c__Desulfovibrionia;o__Desulfovibrionales;f__Desulfovibrionaceae;g__Bilophila"	26	49	14	21	32	9	113	29	0	12	33	18	0	0	16	33	8	55	0	129	166	28	13	21	23	0	0	18	86	50	30	0	44	32	140
"k__Bacteria;p__Desulfobacterota;c__Desulfovibrionia;o__Desulfovibrionales;f__Desulfovibrionaceae;g__Desulfovibrio"	420	414	688	785	796	1225	494	2427	170	472	1042	1285	687	136	1356	1492	329	116	433	84	0	184	947	1242	1614	786	448	225	1242	1163	1121	513	287	2177	979
"k__Bacteria;p__Firmicutes;c__;o__;f__;g__"	0	0	0	0	0	0	0	0	0	0	0	0	0	0	0	0	0	0	0	3	0	0	0	0	0	0	0	0	0	0	0	0	0	0	0
"k__Bacteria;p__Firmicutes;c__Bacilli;o__Acholeplasmatales;f__Acholeplasmataceae;g__Anaeroplasma"	18	0	8	23	0	10	13	91	26	12	45	20	26	6	8	3	20	22	27	6	0	27	17	8	4	269	940	0	18	7	6	416	19	0	0
"k__Bacteria;p__Firmicutes;c__Bacilli;o__Bacillales;f__Bacillaceae;g__Bacillus"	0	0	0	0	0	0	0	0	0	0	0	0	0	0	0	0	0	0	0	0	0	0	0	0	0	0	0	0	0	0	0	0	0	0	0
"k__Bacteria;p__Firmicutes;c__Bacilli;o__Bacillales;f__Bacillaceae;g__Terribacillus"	0	0	0	0	0	0	0	0	0	0	0	0	0	0	0	0	0	0	0	0	0	0	0	0	0	0	0	0	0	0	0	0	0	0	0
"k__Bacteria;p__Firmicutes;c__Bacilli;o__Bacillales;f__Planococcaceae;g__Solibacillus"	0	0	0	0	0	0	0	0	0	0	0	0	0	0	0	0	0	0	0	0	0	0	0	0	0	0	0	0	0	0	0	0	0	0	0
"k__Bacteria;p__Firmicutes;c__Bacilli;o__Erysipelotrichales;f__Erysipelatoclostridiaceae;g__"	0	0	0	0	0	0	0	0	0	0	0	0	0	0	0	0	0	0	0	0	0	0	0	0	0	0	0	0	0	0	0	0	0	0	0
"k__Bacteria;p__Firmicutes;c__Bacilli;o__Erysipelotrichales;f__Erysipelatoclostridiaceae;g__Candidatus Stoquefichus"	0	0	0	0	0	0	0	0	0	0	14	0	0	0	0	0	0	0	5	0	0	0	0	0	0	0	0	0	0	0	0	0	0	0	0
"k__Bacteria;p__Firmicutes;c__Bacilli;o__Erysipelotrichales;f__Erysipelatoclostridiaceae;g__Erysipelatoclostridium"	28	12	0	0	190	132	0	139	125	0	0	113	19	0	17	0	24	0	43	39	0	0	51	8	45	0	0	43	104	41	0	0	135	37	19
"k__Bacteria;p__Firmicutes;c__Bacilli;o__Erysipelotrichales;f__Erysipelotrichaceae;g__"	0	0	0	66	7	68	28	77	9	0	0	8	70	0	5	27	29	9	13	89	0	0	29	0	7	9	90	3	14	16	8	166	396	0	15
"k__Bacteria;p__Firmicutes;c__Bacilli;o__Erysipelotrichales;f__Erysipelotrichaceae;g__Dubosiella"	0	0	0	0	0	0	0	0	0	0	0	0	0	0	0	0	0	0	0	0	0	0	0	0	0	0	0	0	0	0	0	0	0	0	0
"k__Bacteria;p__Firmicutes;c__Bacilli;o__Erysipelotrichales;f__Erysipelotrichaceae;g__Faecalibaculum"	418	0	60	57	0	132	0	128	0	67	0	621	29	0	66	75	26	348	0	12	2608	58	12	33	0	150	0	39	0	0	0	106	0	14	0
"k__Bacteria;p__Firmicutes;c__Bacilli;o__Erysipelotrichales;f__Erysipelotrichaceae;g__Turicibacter"	23	0	14	69	0	0	1360	22	151	1575	34	574	106	17	420	465	198	278	0	125	12	125	0	248	0	0	0	16	16	11	88	151	19	5181	0
"k__Bacteria;p__Firmicutes;c__Bacilli;o__Lactobacillales;f__Enterococcaceae;g__Enterococcus"	0	0	0	0	0	0	0	0	0	0	0	0	0	0	0	10	0	0	0	0	0	0	0	0	0	0	0	0	0	0	28	0	0	0	0
"k__Bacteria;p__Firmicutes;c__Bacilli;o__Lactobacillales;f__Lactobacillaceae;g__"	0	0	0	0	0	0	0	0	0	7	0	0	0	0	0	0	0	2	0	0	0	0	0	0	0	0	0	0	0	0	0	0	0	0	0
"k__Bacteria;p__Firmicutes;c__Bacilli;o__Lactobacillales;f__Lactobacillaceae;g__HT002"	0	0	17	13	0	0	808	700	47	48	38	156	260	1576	23	8	421	1737	1525	0	72	245	16	10	0	0	0	29	54	0	0	118	71	203	185
"k__Bacteria;p__Firmicutes;c__Bacilli;o__Lactobacillales;f__Lactobacillaceae;g__Lactobacillus"	12	0	0	0	0	0	2380	1117	196	0	21	462	524	1924	0	0	1082	3323	1490	0	0	344	0	0	0	0	0	52	0	10	0	315	488	831	370
"k__Bacteria;p__Firmicutes;c__Bacilli;o__Lactobacillales;f__Lactobacillaceae;g__Latilactobacillus"	0	0	0	0	0	0	0	0	0	0	0	0	0	0	0	0	0	0	0	0	0	0	0	0	0	0	0	0	0	0	0	0	0	0	0
"k__Bacteria;p__Firmicutes;c__Bacilli;o__Lactobacillales;f__Lactobacillaceae;g__Ligilactobacillus"	1683	2458	1260	9235	1300	7003	8448	40937	22213	6511	2470	2809	6701	3181	8859	2860	1372	4191	2072	5859	623	6528	10671	6836	3286	8175	14741	14091	16235	6384	4999	1728	2905	1507	6187
"k__Bacteria;p__Firmicutes;c__Bacilli;o__Lactobacillales;f__Lactobacillaceae;g__Weissella"	0	0	0	0	0	0	0	0	0	0	0	0	0	0	0	0	0	0	0	0	0	0	0	0	0	0	0	0	0	0	0	0	0	0	0
"k__Bacteria;p__Firmicutes;c__Bacilli;o__Lactobacillales;f__Streptococcaceae;g__Streptococcus"	0	0	0	5	0	0	0	18	35	7	7	10	0	0	0	14	0	9	9	0	0	9	0	0	0	0	0	0	0	7	0	0	18	24	0
"k__Bacteria;p__Firmicutes;c__Bacilli;o__RF39;f__;g__"	6	0	8	0	0	53	0	23	0	6	0	4	6	0	24	8	0	5	27	30	7	4	6	15	0	15	0	0	32	78	18	8	9	0	0
"k__Bacteria;p__Firmicutes;c__Bacilli;o__Staphylococcales;f__Staphylococcaceae;g__Staphylococcus"	5	0	0	0	0	0	0	0	0	0	0	0	0	0	0	0	0	0	0	0	0	0	0	0	0	0	0	0	21	0	0	0	0	0	0
"k__Bacteria;p__Firmicutes;c__Bacilli;o__Thermoactinomycetales;f__Thermoactinomycetaceae;g__Kroppenstedtia"	0	0	0	0	0	0	0	0	0	0	0	0	0	0	0	0	0	0	0	0	0	0	0	0	0	0	0	0	0	0	0	0	0	0	0
"k__Bacteria;p__Firmicutes;c__Bacilli;o__Thermoactinomycetales;f__Thermoactinomycetaceae;g__Thermoactinomyces"	0	0	0	0	0	0	0	0	0	0	0	0	0	0	0	0	0	0	0	0	0	0	0	0	0	0	0	0	0	0	0	0	0	0	0
"k__Bacteria;p__Firmicutes;c__Clostridia;o__;f__;g__"	0	0	0	0	0	0	0	0	0	0	0	0	0	0	0	0	0	0	0	0	0	15	0	0	0	0	0	0	0	0	10	0	0	0	0
"k__Bacteria;p__Firmicutes;c__Clostridia;o__Christensenellales;f__Christensenellaceae;g__"	0	0	0	0	0	0	0	0	0	0	0	0	0	0	0	0	0	5	0	0	0	0	0	0	0	0	0	0	0	0	0	0	0	0	0
"k__Bacteria;p__Firmicutes;c__Clostridia;o__Christensenellales;f__Christensenellaceae;g__Christensenellaceae R-7 group"	0	0	0	0	0	0	0	6	0	0	0	0	0	0	0	0	0	0	0	0	0	0	0	0	0	0	0	0	0	0	0	0	0	0	0
"k__Bacteria;p__Firmicutes;c__Clostridia;o__Clostridia UCG-014;f__;g__"	130	12	44	166	0	640	176	193	261	55	104	98	93	58	53	300	349	66	85	165	99	47	133	45	167	422	167	138	515	643	0	155	47	62	11
"k__Bacteria;p__Firmicutes;c__Clostridia;o__Clostridia vadinBB60 group;f__;g__"	68	38	78	127	17	4	50	93	83	116	81	42	19	42	0	43	214	451	83	58	93	143	24	0	84	75	33	60	88	88	84	35	48	0	45
"k__Bacteria;p__Firmicutes;c__Clostridia;o__Clostridiales;f__Clostridiaceae;g__"	0	0	0	0	0	0	0	0	0	0	0	0	0	0	0	0	0	0	0	0	0	0	0	0	0	0	0	0	0	0	0	0	0	0	0
"k__Bacteria;p__Firmicutes;c__Clostridia;o__Clostridiales;f__Clostridiaceae;g__Candidatus Arthromitus"	0	0	0	0	0	0	0	0	0	0	14	0	0	0	0	0	0	0	0	0	0	0	0	0	0	15	0	0	10	0	0	0	0	14	0
"k__Bacteria;p__Firmicutes;c__Clostridia;o__Clostridiales;f__Clostridiaceae;g__Clostridium sensu stricto 1"	17	0	34	70	0	0	305	175	309	0	31	552	339	169	102	768	468	464	3	6	0	94	9	86	0	0	0	27	0	9	0	317	1204	43	0
"k__Bacteria;p__Firmicutes;c__Clostridia;o__Eubacteriales;f__Anaerofustaceae;g__Anaerofustis"	0	0	0	7	0	0	0	0	0	0	0	5	0	0	0	0	0	0	0	0	0	0	0	0	0	0	0	0	0	0	0	5	0	0	0
"k__Bacteria;p__Firmicutes;c__Clostridia;o__Lachnospirales;f__Defluviitaleaceae;g__Defluviitaleaceae UCG-011"	0	0	0	0	0	0	0	0	0	0	0	0	0	0	0	0	0	0	0	0	0	0	0	0	0	0	0	0	0	0	0	0	0	0	0
"k__Bacteria;p__Firmicutes;c__Clostridia;o__Lachnospirales;f__Lachnospiraceae;g__"	2741	2424	4901	5055	2714	3119	3653	8757	402	2476	5430	2973	2282	3324	1375	2003	2686	4898	2973	1647	3684	3197	1719	1145	3100	1176	4803	2497	3352	5294	2277	1964	2643	2106	3173
"k__Bacteria;p__Firmicutes;c__Clostridia;o__Lachnospirales;f__Lachnospiraceae;g__A2"	370	172	254	315	111	211	280	962	33	334	347	214	191	366	209	284	278	308	299	1642	166	393	176	167	159	171	333	278	180	809	1383	234	144	156	239
"k__Bacteria;p__Firmicutes;c__Clostridia;o__Lachnospirales;f__Lachnospiraceae;g__ASF356"	0	0	0	0	305	0	18	614	9	225	1199	443	81	26	47	210	107	49	21	0	0	92	59	32	564	40	0	0	0	77	14	0	265	0	403
"k__Bacteria;p__Firmicutes;c__Clostridia;o__Lachnospirales;f__Lachnospiraceae;g__Acetatifactor"	285	96	332	162	65	8	106	228	0	52	0	0	0	57	25	0	53	85	61	25	16	22	10	14	26	0	132	0	58	189	31	93	21	38	16
"k__Bacteria;p__Firmicutes;c__Clostridia;o__Lachnospirales;f__Lachnospiraceae;g__Agathobacter"	0	0	0	0	0	0	0	0	0	0	0	0	0	0	0	0	0	0	0	0	0	0	0	0	0	0	0	0	0	0	0	0	0	0	0
"k__Bacteria;p__Firmicutes;c__Clostridia;o__Lachnospirales;f__Lachnospiraceae;g__Anaerostipes"	0	0	0	0	0	0	249	0	0	0	0	0	0	0	0	0	0	23	0	0	0	45	0	0	0	0	0	0	0	0	0	0	0	0	0
"k__Bacteria;p__Firmicutes;c__Clostridia;o__Lachnospirales;f__Lachnospiraceae;g__Blautia"	0	0	0	0	0	0	780	0	0	0	0	0	0	0	0	0	0	360	0	467	0	215	0	0	0	0	0	0	0	0	0	0	0	0	0
"k__Bacteria;p__Firmicutes;c__Clostridia;o__Lachnospirales;f__Lachnospiraceae;g__GCA-900066575"	461	94	233	135	139	85	247	255	43	163	578	70	65	330	112	220	389	373	243	223	281	147	105	55	119	43	40	236	147	152	371	51	43	19	54
"k__Bacteria;p__Firmicutes;c__Clostridia;o__Lachnospirales;f__Lachnospiraceae;g__Lachnoclostridium"	1673	229	857	922	453	654	406	2130	334	947	1008	840	977	835	767	694	290	1026	1496	935	1558	572	377	756	882	738	1312	842	2731	2559	1021	645	1696	1627	622
"k__Bacteria;p__Firmicutes;c__Clostridia;o__Lachnospirales;f__Lachnospiraceae;g__Lachnospiraceae AC2044 group"	0	0	0	0	0	0	0	0	31	0	0	0	0	0	0	0	0	0	0	0	0	0	0	0	0	0	0	58	81	0	0	0	0	0	0
"k__Bacteria;p__Firmicutes;c__Clostridia;o__Lachnospirales;f__Lachnospiraceae;g__Lachnospiraceae FCS020 group"	52	173	0	0	315	21	83	17	0	82	92	187	42	0	0	44	0	147	7	11	444	0	71	6	141	32	226	51	0	54	231	0	76	0	803
"k__Bacteria;p__Firmicutes;c__Clostridia;o__Lachnospirales;f__Lachnospiraceae;g__Lachnospiraceae NK4A136 group"	6548	13478	1809	4060	8703	3018	12437	8117	1259	1961	1782	3091	2068	6897	2975	1378	2214	4971	5312	7320	2937	2809	1214	2442	4048	3092	2758	1862	4210	4977	8029	4695	8271	7534	8258
"k__Bacteria;p__Firmicutes;c__Clostridia;o__Lachnospirales;f__Lachnospiraceae;g__Lachnospiraceae NK4B4 group"	0	0	0	0	0	0	0	0	0	0	0	0	0	0	0	0	0	0	0	0	0	25	0	0	0	0	0	0	0	0	0	0	10	0	0
"k__Bacteria;p__Firmicutes;c__Clostridia;o__Lachnospirales;f__Lachnospiraceae;g__Lachnospiraceae UCG-001"	372	0	3417	983	0	0	1105	0	417	859	3701	26	727	19	0	2567	605	164	253	81	0	597	340	0	0	99	1780	132	325	211	380	436	365	76	0
"k__Bacteria;p__Firmicutes;c__Clostridia;o__Lachnospirales;f__Lachnospiraceae;g__Lachnospiraceae UCG-002"	0	0	21	0	0	0	0	18	0	17	31	13	24	26	15	35	0	0	23	0	15	0	0	0	0	19	21	25	14	86	0	13	30	0	0
"k__Bacteria;p__Firmicutes;c__Clostridia;o__Lachnospirales;f__Lachnospiraceae;g__Lachnospiraceae UCG-004"	55	0	26	25	37	19	21	49	0	46	117	38	24	33	30	0	25	60	0	0	13	59	0	25	38	41	55	0	0	100	37	0	52	0	48
"k__Bacteria;p__Firmicutes;c__Clostridia;o__Lachnospirales;f__Lachnospiraceae;g__Lachnospiraceae UCG-006"	108	84	275	549	190	587	91	1992	374	252	410	278	285	158	1039	274	184	72	176	157	553	117	38	694	406	144	379	289	816	1141	468	896	241	685	78
"k__Bacteria;p__Firmicutes;c__Clostridia;o__Lachnospirales;f__Lachnospiraceae;g__Marvinbryantia"	7	129	77	180	24	0	18	19	0	16	107	40	39	46	13	0	0	0	15	26	57	6	70	0	17	131	14	0	0	98	142	9	0	0	303
"k__Bacteria;p__Firmicutes;c__Clostridia;o__Lachnospirales;f__Lachnospiraceae;g__Roseburia"	524	0	91	163	68	181	1500	386	62	126	29	259	168	279	302	9	255	1177	407	949	15	1120	199	215	54	94	24	136	1084	829	54	119	92	234	0
"k__Bacteria;p__Firmicutes;c__Clostridia;o__Lachnospirales;f__Lachnospiraceae;g__Tuzzerella"	10	0	30	12	24	16	82	58	0	0	0	0	0	0	0	0	0	55	0	27	41	0	0	0	0	0	17	0	52	0	0	0	0	0	0
"k__Bacteria;p__Firmicutes;c__Clostridia;o__Lachnospirales;f__Lachnospiraceae;g__Tyzzerella"	0	0	0	0	0	0	8	0	0	0	0	0	0	0	0	0	0	17	0	17	0	7	0	0	0	0	0	0	0	0	0	0	0	0	0
"k__Bacteria;p__Firmicutes;c__Clostridia;o__Lachnospirales;f__Lachnospiraceae;g__[Eubacterium] ruminantium group"	0	0	0	0	0	44	0	0	0	0	0	0	0	0	0	0	0	0	0	0	0	0	0	0	0	0	0	0	0	0	0	0	0	0	0
"k__Bacteria;p__Firmicutes;c__Clostridia;o__Lachnospirales;f__Lachnospiraceae;g__[Eubacterium] ventriosum group"	0	18	0	0	47	45	43	0	0	0	0	0	0	0	16	0	0	0	0	55	0	0	0	15	30	0	0	0	0	102	39	0	6	0	0
"k__Bacteria;p__Firmicutes;c__Clostridia;o__Lachnospirales;f__Lachnospiraceae;g__[Eubacterium] xylanophilum group"	565	39	11	56	32	203	440	399	121	113	99	104	64	54	273	116	93	186	184	389	113	134	170	120	298	91	283	318	174	314	298	229	77	54	0
"k__Bacteria;p__Firmicutes;c__Clostridia;o__Lachnospirales;f__Lachnospiraceae;g__[Ruminococcus] gnavus group"	0	0	0	0	0	0	0	0	0	0	0	0	0	0	0	0	0	0	0	0	0	0	0	0	0	0	0	0	0	0	0	0	0	0	0
"k__Bacteria;p__Firmicutes;c__Clostridia;o__Monoglobales;f__Monoglobaceae;g__Monoglobus"	0	24	0	0	0	6	134	18	18	0	0	24	40	0	0	0	0	0	41	72	0	34	40	0	39	14	20	0	0	65	0	13	0	0	0
"k__Bacteria;p__Firmicutes;c__Clostridia;o__Oscillospirales;f__;g__"	0	0	0	0	0	0	0	0	0	0	0	0	0	0	0	0	0	0	0	0	0	0	0	0	0	0	0	0	0	0	0	0	0	0	0
"k__Bacteria;p__Firmicutes;c__Clostridia;o__Oscillospirales;f__Butyricicoccaceae;g__Butyricicoccus"	51	63	73	58	114	10	17	243	16	146	56	138	14	194	20	29	63	96	60	22	106	81	32	32	119	94	175	91	315	48	68	145	145	0	108
"k__Bacteria;p__Firmicutes;c__Clostridia;o__Oscillospirales;f__Butyricicoccaceae;g__UCG-009"	25	27	0	7	14	0	41	0	0	10	7	25	0	10	23	16	0	34	0	18	9	38	6	15	0	0	0	7	54	33	11	16	17	20	29
"k__Bacteria;p__Firmicutes;c__Clostridia;o__Oscillospirales;f__Hungateiclostridiaceae;g__Pseudobacteroides"	0	0	0	0	0	0	0	0	0	0	0	0	0	0	0	0	0	0	0	0	0	0	0	0	0	0	0	0	0	0	0	0	0	0	0
"k__Bacteria;p__Firmicutes;c__Clostridia;o__Oscillospirales;f__Oscillospiraceae;g__"	643	306	124	135	344	97	580	703	53	70	101	299	53	118	123	178	92	421	244	107	131	196	133	33	363	61	41	106	182	418	521	223	87	61	296
"k__Bacteria;p__Firmicutes;c__Clostridia;o__Oscillospirales;f__Oscillospiraceae;g__Colidextribacter"	306	180	150	225	251	156	360	509	48	64	223	156	64	105	175	138	138	223	225	81	248	190	147	132	214	115	124	104	540	153	245	171	92	134	332
"k__Bacteria;p__Firmicutes;c__Clostridia;o__Oscillospirales;f__Oscillospiraceae;g__Intestinimonas"	300	184	206	357	203	189	383	657	28	99	168	43	74	34	413	249	123	212	334	149	169	207	94	319	242	306	97	44	594	363	217	101	113	185	303
"k__Bacteria;p__Firmicutes;c__Clostridia;o__Oscillospirales;f__Oscillospiraceae;g__NK4A214 group"	0	0	6	11	17	14	12	38	18	16	19	0	0	0	23	30	9	9	26	9	0	0	7	0	8	7	0	6	0	9	0	0	0	0	10
"k__Bacteria;p__Firmicutes;c__Clostridia;o__Oscillospirales;f__Oscillospiraceae;g__Oscillibacter"	279	149	214	189	218	98	551	417	47	92	491	243	85	139	107	302	191	335	186	85	220	147	113	93	176	155	128	49	254	225	85	56	112	47	149
"k__Bacteria;p__Firmicutes;c__Clostridia;o__Oscillospirales;f__Oscillospiraceae;g__Oscillospira"	31	0	0	0	0	0	0	0	0	0	0	0	0	0	0	0	0	0	0	0	0	0	0	0	0	0	0	0	0	0	0	0	0	0	0
"k__Bacteria;p__Firmicutes;c__Clostridia;o__Oscillospirales;f__Oscillospiraceae;g__Pseudoflavonifractor"	0	0	0	0	0	0	0	0	0	0	0	0	0	0	0	0	0	0	0	0	0	0	0	0	0	0	0	0	0	0	0	0	0	0	0
"k__Bacteria;p__Firmicutes;c__Clostridia;o__Oscillospirales;f__Oscillospiraceae;g__UCG-003"	0	0	0	0	0	0	84	0	0	0	0	0	0	0	0	51	0	53	0	0	0	0	0	0	0	32	31	0	0	0	79	0	0	26	0
"k__Bacteria;p__Firmicutes;c__Clostridia;o__Oscillospirales;f__Oscillospiraceae;g__UCG-005"	0	0	0	0	0	9	49	16	0	0	0	0	0	0	0	0	0	27	0	0	0	11	0	0	0	0	0	0	0	0	0	0	0	0	0
"k__Bacteria;p__Firmicutes;c__Clostridia;o__Oscillospirales;f__Ruminococcaceae;g__"	145	56	115	118	39	61	116	269	40	114	143	118	39	44	59	82	72	120	113	38	100	38	50	0	135	66	92	54	131	120	52	70	58	35	124
"k__Bacteria;p__Firmicutes;c__Clostridia;o__Oscillospirales;f__Ruminococcaceae;g__Anaerotruncus"	0	0	0	0	0	0	24	16	0	0	15	0	0	0	14	0	0	40	10	0	0	16	0	0	0	0	0	0	0	0	0	25	123	20	0
"k__Bacteria;p__Firmicutes;c__Clostridia;o__Oscillospirales;f__Ruminococcaceae;g__Caproiciproducens"	0	12	0	0	0	0	0	0	0	0	0	0	0	0	0	0	0	0	0	0	0	0	0	0	0	0	0	0	0	0	0	0	0	0	0
"k__Bacteria;p__Firmicutes;c__Clostridia;o__Oscillospirales;f__Ruminococcaceae;g__Faecalibacterium"	0	0	0	0	0	0	0	0	0	0	0	0	0	0	0	0	0	0	0	0	0	0	0	0	0	0	0	0	0	0	0	0	0	0	0
"k__Bacteria;p__Firmicutes;c__Clostridia;o__Oscillospirales;f__Ruminococcaceae;g__Incertae Sedis"	45	97	47	102	165	73	139	202	0	48	95	49	38	77	43	77	49	97	33	95	130	87	41	28	152	16	104	80	424	117	85	31	9	45	40
"k__Bacteria;p__Firmicutes;c__Clostridia;o__Oscillospirales;f__Ruminococcaceae;g__Ruminococcus"	0	0	0	0	7	0	307	0	41	0	32	0	0	28	14	0	89	47	46	0	0	7	0	0	10	0	0	0	8	0	0	0	0	0	0
"k__Bacteria;p__Firmicutes;c__Clostridia;o__Oscillospirales;f__Ruminococcaceae;g__UBA1819"	0	5	0	0	0	20	0	0	0	0	0	0	0	0	8	0	0	5	6	14	0	0	0	3	8	0	0	0	15	39	0	0	0	0	0
"k__Bacteria;p__Firmicutes;c__Clostridia;o__Oscillospirales;f__Ruminococcaceae;g__[Eubacterium] siraeum group"	0	0	61	53	21	62	729	343	61	20	36	22	25	0	88	42	0	126	30	143	29	80	24	43	155	18	27	190	249	65	179	183	99	199	0
"k__Bacteria;p__Firmicutes;c__Clostridia;o__Oscillospirales;f__UCG-010;g__"	10	0	0	0	24	14	8	10	0	0	18	19	0	3	6	6	11	17	25	0	19	0	0	0	11	8	0	0	0	0	0	0	4	0	6
"k__Bacteria;p__Firmicutes;c__Clostridia;o__Oscillospirales;f__[Eubacterium] coprostanoligenes group;g__"	32	0	30	73	16	69	181	53	30	26	72	0	0	15	55	52	24	15	191	211	22	0	0	36	0	34	73	5	108	137	7	84	29	29	0
"k__Bacteria;p__Firmicutes;c__Clostridia;o__Peptococcales;f__Peptococcaceae;g__"	42	41	39	86	64	68	84	344	0	36	80	35	56	43	60	68	45	47	72	0	65	33	16	46	102	56	42	39	97	96	33	5	45	50	71
"k__Bacteria;p__Firmicutes;c__Clostridia;o__Peptococcales;f__Peptococcaceae;g__Peptococcus"	11	12	0	14	17	10	15	8	0	0	10	11	0	6	13	23	10	10	9	17	19	0	0	0	21	0	0	8	14	13	0	0	6	0	0
"k__Bacteria;p__Firmicutes;c__Clostridia;o__Peptostreptococcales-Tissierellales;f__Anaerovoracaceae;g__Anaerovorax"	0	0	0	0	0	0	0	16	0	0	0	0	0	0	0	0	0	0	0	0	0	0	0	0	0	0	0	0	0	0	0	0	0	0	0
"k__Bacteria;p__Firmicutes;c__Clostridia;o__Peptostreptococcales-Tissierellales;f__Anaerovoracaceae;g__Family XIII AD3011 group"	0	0	0	0	0	0	0	9	0	0	0	0	0	0	0	0	0	0	0	0	0	0	0	0	0	0	0	0	0	0	0	0	0	0	0
"k__Bacteria;p__Firmicutes;c__Clostridia;o__Peptostreptococcales-Tissierellales;f__Anaerovoracaceae;g__Family XIII UCG-001"	14	9	9	27	14	13	24	41	3	9	18	12	12	0	13	24	6	13	19	10	5	0	8	10	18	7	10	0	32	23	0	9	11	10	20
"k__Bacteria;p__Firmicutes;c__Clostridia;o__Peptostreptococcales-Tissierellales;f__Anaerovoracaceae;g__[Eubacterium] brachy group"	10	0	0	10	0	14	21	39	0	11	9	10	0	0	8	17	4	8	9	34	0	6	7	10	14	10	0	7	11	21	8	0	0	10	0
"k__Bacteria;p__Firmicutes;c__Clostridia;o__Peptostreptococcales-Tissierellales;f__Anaerovoracaceae;g__[Eubacterium] nodatum group"	0	0	0	0	0	0	0	0	0	0	0	0	0	0	0	0	0	0	0	0	0	0	0	0	0	0	0	0	0	0	0	0	0	0	0
"k__Bacteria;p__Firmicutes;c__Clostridia;o__Peptostreptococcales-Tissierellales;f__Peptostreptococcaceae;g__Peptostreptococcus"	0	0	0	0	0	0	0	0	0	0	0	0	0	0	0	0	0	0	0	0	0	0	0	0	0	0	0	0	0	0	0	0	0	0	0
"k__Bacteria;p__Firmicutes;c__Clostridia;o__Peptostreptococcales-Tissierellales;f__Peptostreptococcaceae;g__Romboutsia"	0	0	0	0	0	0	0	12	221	65	0	66	38	0	189	516	0	27	0	0	0	0	0	97	0	0	0	0	0	0	0	24	0	0	0
"k__Bacteria;p__Patescibacteria;c__Saccharimonadia;o__Saccharimonadales;f__Saccharimonadaceae;g__Candidatus Saccharimonas"	3	0	0	0	0	0	0	5	2	0	0	0	0	0	0	0	0	0	0	0	0	0	0	0	0	0	0	0	0	6	0	0	0	0	0
"k__Bacteria;p__Proteobacteria;c__;o__;f__;g__"	0	0	0	0	0	0	0	0	0	0	0	0	0	0	0	0	0	0	0	0	0	0	0	0	0	0	0	0	0	0	0	0	0	0	0
"k__Bacteria;p__Proteobacteria;c__Alphaproteobacteria;o__Rhizobiales;f__Xanthobacteraceae;g__Bradyrhizobium"	0	0	0	0	0	0	0	0	0	0	0	0	0	0	0	0	0	0	0	0	0	0	0	0	0	0	0	0	0	0	0	0	0	0	0
"k__Bacteria;p__Proteobacteria;c__Alphaproteobacteria;o__Rhodospirillales;f__;g__"	33	0	0	0	40	27	0	0	0	0	9	0	0	0	8	18	6	0	0	26	0	0	9	0	0	10	0	0	0	0	0	4	0	0	0
"k__Bacteria;p__Proteobacteria;c__Alphaproteobacteria;o__Rickettsiales;f__Mitochondria;g__"	0	0	0	0	0	0	0	0	0	0	0	0	0	0	0	0	0	0	0	0	0	0	0	0	0	0	0	0	4	0	0	0	0	0	0
"k__Bacteria;p__Proteobacteria;c__Alphaproteobacteria;o__Sphingomonadales;f__Sphingomonadaceae;g__Sphingopyxis"	0	0	0	0	0	0	0	0	0	0	0	0	0	0	0	0	0	0	0	0	0	0	0	0	0	0	0	0	0	0	0	0	0	0	0
"k__Bacteria;p__Proteobacteria;c__Gammaproteobacteria;o__Burkholderiales;f__Sutterellaceae;g__Parasutterella"	105	15	71	78	60	14	16	94	87	87	304	215	74	27	63	180	240	88	71	9	169	52	20	32	12	194	204	100	19	7	5	55	100	10	17
"k__Bacteria;p__Proteobacteria;c__Gammaproteobacteria;o__Enterobacterales;f__Enterobacteriaceae;g__"	0	0	0	0	0	0	0	0	0	0	0	0	0	0	0	0	0	0	0	0	0	0	0	0	0	0	0	0	0	0	0	0	0	0	0
"k__Bacteria;p__Proteobacteria;c__Gammaproteobacteria;o__Enterobacterales;f__Enterobacteriaceae;g__Escherichia-Shigella"	0	0	0	0	0	0	0	48	0	0	0	0	0	0	0	7	0	10	0	0	0	0	0	0	2	0	0	11	0	0	0	0	0	0	0
"k__Bacteria;p__Proteobacteria;c__Gammaproteobacteria;o__Enterobacterales;f__Erwiniaceae;g__Pantoea"	0	0	0	0	0	0	0	0	0	0	0	0	0	0	0	0	0	0	0	0	0	0	0	0	0	0	0	0	0	0	0	0	0	0	0
"k__Bacteria;p__Proteobacteria;c__Gammaproteobacteria;o__Enterobacterales;f__Pasteurellaceae;g__Muribacter"	0	0	0	0	0	0	0	0	0	0	0	0	0	0	0	0	0	0	0	0	0	0	0	0	0	0	0	0	0	0	0	0	0	0	0
"k__Bacteria;p__Proteobacteria;c__Gammaproteobacteria;o__Pseudomonadales;f__Pseudomonadaceae;g__Pseudomonas"	0	0	0	0	0	0	0	0	0	0	0	0	0	0	0	0	0	0	0	0	0	0	0	0	0	0	0	0	0	0	0	0	0	0	0
"k__Bacteria;p__Proteobacteria;c__Gammaproteobacteria;o__Xanthomonadales;f__Xanthomonadaceae;g__Stenotrophomonas"	0	0	0	0	0	0	0	0	0	0	0	0	0	0	0	0	0	0	0	0	0	0	0	0	0	0	0	0	0	0	0	0	0	0	0
"k__Bacteria;p__Verrucomicrobiota;c__Verrucomicrobiae;o__Verrucomicrobiales;f__Akkermansiaceae;g__Akkermansia"	5	13	142	34	3290	125	1616	657	48	0	287	650	22	0	518	85	39	436	263	1882	365	110	1080	568	868	134	4	9	23	25	7	0	58	5	11
